{
    "manifest_version": 3,
    "name": "Site Password",
    "short_name": "Site Password for Firefox",
    "description": "Don't remember your passwords. Don't store them.  Calculate them!",
    "version": "1.3.1",
    "browser_specific_settings": {
        "gecko": {
            "id": "sitepassword@sitepassword.info"
        }
    },
    "background": {
        "page": "./bg.html" 
    },
    "action": {
        "default_icon": "ssplogo.png",
        "default_popup": "ssp.html"
    },
    "content_scripts": [
        {
            "matches": ["https://*/*", "http://*/*"],
            "run_at": "document_idle",
            "js": [
                "findpw.js" 
            ],
            "all_frames": true
        }
    ],
    "icons": {
        "128": "icon128.png"
    },
    "host_permissions": [
        "https://*/*",
        "http://*/*"
    ],
    "permissions": [
        "activeTab",
        "bookmarks",
        "browsingData",
        "downloads",
        "storage",
        "tabs"
    ]
}